{
    "0": 92.67413330078125,
    "1": 93.11338806152344,
    "2": 92.835693359375,
    "3": 102.4828872680664,
    "4": 94.14347839355469,
    "5": 96.15865325927734,
    "6": 99.44676208496094,
    "7": 95.53601837158203,
    "8": 90.3617172241211,
    "9": 91.80723571777344,
    "10": 89.21418762207031,
    "11": 88.57237243652344,
    "12": 84.97785949707031,
    "13": 84.15518188476562,
    "14": 77.71635437011719,
    "15": 76.19290161132812,
    "16": 73.88702392578125,
    "17": 72.7362289428711,
    "18": 71.68914031982422,
    "19": 70.13751220703125,
    "20": 68.81765747070312,
    "21": 67.6976089477539,
    "22": 64.44275665283203,
    "23": 68.1759033203125,
    "24": 59.583980560302734,
    "25": 61.20109939575195,
    "26": 59.894893646240234,
    "27": 57.1263427734375,
    "28": 51.48550796508789,
    "29": 57.24365234375,
    "30": 54.1722297668457,
    "31": 58.83322525024414,
    "32": 48.67390823364258,
    "33": 44.86138153076172,
    "34": 45.86670684814453,
    "35": 49.346214294433594,
    "36": 41.393672943115234,
    "37": 45.280372619628906,
    "38": 52.87399673461914,
    "39": 37.796180725097656,
    "40": 36.98725509643555,
    "41": 38.10622787475586,
    "42": 53.39575958251953,
    "43": 34.849082946777344,
    "44": 33.11015701293945,
    "45": 32.353214263916016,
    "46": 35.92293167114258,
    "47": 30.876251220703125,
    "48": 31.821353912353516,
    "49": 31.031005859375,
    "50": 39.28250503540039,
    "51": 31.443843841552734,
    "52": 38.33660125732422,
    "53": 28.45897102355957,
    "54": 41.67025375366211,
    "55": 27.311283111572266,
    "56": 57.63570785522461,
    "57": 30.752962112426758,
    "58": 31.185327529907227,
    "59": 28.756473541259766,
    "60": 33.158138275146484,
    "61": 32.41811752319336,
    "62": 34.02705764770508,
    "63": 27.9871826171875,
    "64": 26.62644386291504,
    "65": 32.901023864746094,
    "66": 26.148591995239258,
    "67": 26.828960418701172,
    "68": 43.46177291870117,
    "69": 25.3548583984375
}