{
    "0": 103.71317291259766,
    "1": 99.95277404785156,
    "2": 104.36920928955078,
    "3": 99.78201293945312,
    "4": 99.32178497314453,
    "5": 105.72832489013672,
    "6": 98.97745513916016,
    "7": 98.67086029052734,
    "8": 98.89518737792969,
    "9": 99.90579986572266,
    "10": 97.48522186279297,
    "11": 98.1102066040039,
    "12": 99.96896362304688,
    "13": 93.72750091552734,
    "14": 91.7513656616211,
    "15": 89.88667297363281,
    "16": 91.3108901977539,
    "17": 92.44230651855469,
    "18": 87.51451110839844,
    "19": 86.85108947753906,
    "20": 83.82039642333984,
    "21": 83.25559997558594,
    "22": 84.07278442382812,
    "23": 76.2276382446289,
    "24": 74.70018005371094,
    "25": 72.84221649169922,
    "26": 66.01376342773438,
    "27": 80.18548583984375,
    "28": 60.769649505615234,
    "29": 65.028564453125,
    "30": 56.769317626953125,
    "31": 55.002689361572266,
    "32": 53.340370178222656,
    "33": 52.66301727294922,
    "34": 50.14864730834961,
    "35": 47.366661071777344,
    "36": 47.54729461669922,
    "37": 58.62554931640625,
    "38": 50.08686828613281,
    "39": 43.030967712402344,
    "40": 42.371917724609375,
    "41": 42.42738342285156,
    "42": 39.12950134277344,
    "43": 54.02123260498047,
    "44": 39.504058837890625,
    "45": 38.00558853149414,
    "46": 37.72445297241211,
    "47": 37.16756057739258,
    "48": 35.994380950927734,
    "49": 34.065860748291016,
    "50": 35.472320556640625,
    "51": 36.00416946411133,
    "52": 34.86213684082031,
    "53": 35.604148864746094,
    "54": 32.83781814575195,
    "55": 45.196407318115234,
    "56": 31.706331253051758,
    "57": 31.858911514282227,
    "58": 34.0546875,
    "59": 30.086530685424805,
    "60": 42.446929931640625,
    "61": 47.47279739379883,
    "62": 36.49557113647461,
    "63": 31.67518424987793,
    "64": 29.20829200744629,
    "65": 31.34819984436035,
    "66": 29.337955474853516,
    "67": 29.28001594543457,
    "68": 36.90015411376953,
    "69": 28.80832290649414,
    "70": 29.01018524169922,
    "71": 28.756410598754883,
    "72": 32.82771682739258,
    "73": 35.17436218261719,
    "74": 28.255369186401367,
    "75": 30.89371109008789,
    "76": 41.46943664550781,
    "77": 26.450767517089844,
    "78": 37.196006774902344,
    "79": 27.95393943786621,
    "80": 41.76301956176758,
    "81": 27.05653190612793,
    "82": 29.720352172851562,
    "83": 26.913022994995117,
    "84": 28.483943939208984,
    "85": 39.352699279785156,
    "86": 29.493968963623047,
    "87": 26.200042724609375,
    "88": 53.41061019897461,
    "89": 32.24884796142578,
    "90": 30.47429656982422,
    "91": 26.424823760986328,
    "92": 26.331541061401367,
    "93": 25.387086868286133,
    "94": 37.063201904296875,
    "95": 26.831140518188477,
    "96": 38.660743713378906,
    "97": 24.718273162841797,
    "98": 26.397598266601562,
    "99": 39.33966827392578,
    "100": 29.808032989501953,
    "101": 33.9334602355957,
    "102": 29.276100158691406,
    "103": 48.3304443359375,
    "104": 25.687175750732422,
    "105": 30.89621353149414,
    "106": 31.079097747802734,
    "107": 24.153682708740234,
    "108": 27.007421493530273,
    "109": 24.204540252685547,
    "110": 28.1226749420166,
    "111": 31.679819107055664,
    "112": 46.44107437133789,
    "113": 31.690868377685547,
    "114": 25.74161148071289,
    "115": 24.552576065063477,
    "116": 36.59476089477539,
    "117": 41.8530158996582,
    "118": 23.075664520263672,
    "119": 35.667564392089844,
    "120": 34.9130744934082,
    "121": 23.374370574951172,
    "122": 22.679180145263672,
    "123": 27.72797393798828,
    "124": 22.39089584350586,
    "125": 24.465084075927734,
    "126": 23.834550857543945,
    "127": 23.7448787689209,
    "128": 23.69652557373047,
    "129": 22.466022491455078,
    "130": 44.67233657836914,
    "131": 25.14625358581543,
    "132": 24.359758377075195,
    "133": 33.51809310913086,
    "134": 23.128318786621094,
    "135": 22.34437370300293,
    "136": 24.58443260192871,
    "137": 23.04172134399414,
    "138": 28.82271957397461,
    "139": 26.201194763183594,
    "140": 32.5782585144043,
    "141": 23.272899627685547,
    "142": 23.832426071166992,
    "143": 20.438621520996094,
    "144": 22.76677703857422,
    "145": 27.805845260620117,
    "146": 39.42168045043945,
    "147": 21.541751861572266,
    "148": 21.009944915771484,
    "149": 25.38222312927246
}