{
    "0": 41.033599853515625,
    "1": 41.8214225769043,
    "2": 40.0617561340332,
    "3": 39.60309600830078,
    "4": 44.579124450683594,
    "5": 40.1841926574707,
    "6": 38.45097732543945,
    "7": 39.834049224853516,
    "8": 40.5311279296875,
    "9": 39.076454162597656,
    "10": 43.69399642944336,
    "11": 38.06222915649414,
    "12": 38.88370132446289,
    "13": 35.31340408325195,
    "14": 41.29946517944336,
    "15": 35.967342376708984,
    "16": 35.12773513793945,
    "17": 34.020286560058594,
    "18": 34.463104248046875,
    "19": 32.2598762512207,
    "20": 31.063974380493164,
    "21": 30.273263931274414,
    "22": 29.633453369140625,
    "23": 28.38010597229004,
    "24": 26.9677791595459,
    "25": 27.920181274414062,
    "26": 25.93079376220703,
    "27": 22.170913696289062,
    "28": 21.535659790039062,
    "29": 19.803611755371094,
    "30": 20.462026596069336,
    "31": 18.848918914794922,
    "32": 23.401086807250977,
    "33": 18.003135681152344,
    "34": 16.716943740844727,
    "35": 15.685662269592285,
    "36": 15.78772258758545,
    "37": 15.769623756408691,
    "38": 18.597551345825195,
    "39": 14.26662540435791,
    "40": 15.638038635253906,
    "41": 13.57981014251709,
    "42": 16.033414840698242,
    "43": 13.436910629272461,
    "44": 17.646774291992188,
    "45": 19.006454467773438,
    "46": 14.009736061096191,
    "47": 12.20854663848877,
    "48": 12.057235717773438,
    "49": 13.722496032714844,
    "50": 11.807968139648438,
    "51": 12.479220390319824,
    "52": 11.993071556091309,
    "53": 17.894046783447266,
    "54": 13.419719696044922,
    "55": 15.582863807678223,
    "56": 13.940356254577637,
    "57": 11.008809089660645,
    "58": 10.894950866699219,
    "59": 12.570144653320312,
    "60": 35.05944061279297,
    "61": 11.416651725769043,
    "62": 11.884556770324707,
    "63": 11.10511302947998,
    "64": 12.155289649963379,
    "65": 18.470325469970703,
    "66": 13.920210838317871,
    "67": 10.741738319396973,
    "68": 18.179067611694336,
    "69": 10.535633087158203,
    "70": 11.58533000946045,
    "71": 10.608019828796387,
    "72": 10.117023468017578,
    "73": 11.905728340148926,
    "74": 12.900012016296387,
    "75": 11.975190162658691,
    "76": 10.89488410949707,
    "77": 10.781119346618652,
    "78": 10.655370712280273,
    "79": 10.684133529663086,
    "80": 10.355474472045898,
    "81": 10.063343048095703,
    "82": 10.863313674926758,
    "83": 12.793676376342773,
    "84": 12.638209342956543,
    "85": 14.938899040222168,
    "86": 21.790681838989258,
    "87": 10.126171112060547,
    "88": 10.166844367980957,
    "89": 10.848522186279297,
    "90": 10.651445388793945,
    "91": 9.637603759765625,
    "92": 9.5618314743042,
    "93": 11.362277030944824,
    "94": 13.453125953674316,
    "95": 16.509254455566406,
    "96": 13.435787200927734,
    "97": 10.835502624511719,
    "98": 9.883509635925293,
    "99": 10.710516929626465,
    "100": 11.264986038208008,
    "101": 12.709510803222656,
    "102": 10.20689582824707,
    "103": 9.859736442565918,
    "104": 9.795333862304688,
    "105": 11.437043190002441,
    "106": 9.675700187683105,
    "107": 10.273688316345215,
    "108": 13.991259574890137,
    "109": 9.522392272949219,
    "110": 13.823325157165527,
    "111": 14.181350708007812,
    "112": 9.834979057312012,
    "113": 12.058371543884277,
    "114": 9.537202835083008,
    "115": 10.131375312805176,
    "116": 12.869062423706055,
    "117": 10.65149974822998,
    "118": 9.43823528289795,
    "119": 10.19679069519043,
    "120": 9.325422286987305,
    "121": 16.38167953491211,
    "122": 10.30781364440918,
    "123": 9.519950866699219,
    "124": 13.833562850952148,
    "125": 9.555896759033203,
    "126": 9.94660472869873,
    "127": 14.02246379852295,
    "128": 9.531045913696289,
    "129": 10.15644645690918,
    "130": 9.33407211303711,
    "131": 11.304403305053711,
    "132": 9.699750900268555,
    "133": 9.27581787109375,
    "134": 10.299615859985352,
    "135": 9.780667304992676,
    "136": 9.31272029876709,
    "137": 9.422561645507812,
    "138": 9.689457893371582,
    "139": 9.373984336853027,
    "140": 9.387629508972168,
    "141": 10.022074699401855,
    "142": 9.489316940307617,
    "143": 9.348344802856445,
    "144": 9.247641563415527,
    "145": 9.444270133972168,
    "146": 9.482151985168457,
    "147": 11.381114959716797,
    "148": 9.121342658996582,
    "149": 9.164539337158203,
    "150": 9.440445899963379,
    "151": 9.624224662780762,
    "152": 10.409719467163086,
    "153": 9.345879554748535,
    "154": 9.50339412689209,
    "155": 9.36153793334961,
    "156": 9.568543434143066,
    "157": 9.373923301696777,
    "158": 11.706135749816895,
    "159": 9.162385940551758,
    "160": 9.577024459838867,
    "161": 9.248688697814941,
    "162": 9.326874732971191,
    "163": 9.48204517364502,
    "164": 9.468180656433105,
    "165": 10.304463386535645,
    "166": 9.195515632629395,
    "167": 9.37225341796875,
    "168": 12.749662399291992,
    "169": 9.320289611816406,
    "170": 9.155024528503418,
    "171": 9.118622779846191,
    "172": 9.036865234375,
    "173": 9.02330493927002,
    "174": 9.187294960021973,
    "175": 9.33875846862793,
    "176": 10.224946022033691,
    "177": 9.006975173950195,
    "178": 9.954954147338867,
    "179": 9.672656059265137,
    "180": 10.075566291809082,
    "181": 9.662940979003906,
    "182": 10.88849925994873,
    "183": 9.490907669067383,
    "184": 8.910386085510254,
    "185": 9.642956733703613,
    "186": 9.141443252563477,
    "187": 9.537538528442383,
    "188": 9.04910659790039,
    "189": 9.335739135742188,
    "190": 9.05672836303711,
    "191": 10.711370468139648,
    "192": 12.602941513061523,
    "193": 14.178409576416016,
    "194": 8.894791603088379,
    "195": 8.973690032958984,
    "196": 10.629561424255371,
    "197": 8.960562705993652,
    "198": 9.065096855163574,
    "199": 9.383855819702148,
    "200": 8.88757610321045,
    "201": 9.560470581054688,
    "202": 9.193466186523438,
    "203": 9.00147819519043,
    "204": 8.860122680664062,
    "205": 9.092469215393066,
    "206": 9.01335620880127,
    "207": 8.93065071105957,
    "208": 8.922333717346191,
    "209": 9.083847999572754,
    "210": 9.089174270629883,
    "211": 8.926070213317871,
    "212": 9.014080047607422,
    "213": 9.018593788146973,
    "214": 9.109465599060059,
    "215": 8.947004318237305,
    "216": 9.103753089904785,
    "217": 9.07523250579834,
    "218": 8.894196510314941,
    "219": 9.874500274658203,
    "220": 9.28494644165039,
    "221": 8.97208309173584,
    "222": 8.881745338439941,
    "223": 9.142400741577148,
    "224": 9.34634780883789,
    "225": 9.034370422363281,
    "226": 9.118759155273438,
    "227": 9.252496719360352,
    "228": 8.910050392150879,
    "229": 9.599213600158691,
    "230": 8.907747268676758,
    "231": 8.946697235107422,
    "232": 8.947643280029297,
    "233": 8.927594184875488,
    "234": 9.071711540222168,
    "235": 9.067676544189453,
    "236": 9.01726245880127,
    "237": 8.913614273071289,
    "238": 8.938043594360352,
    "239": 8.957242965698242,
    "240": 9.057711601257324,
    "241": 9.831357955932617,
    "242": 8.908820152282715,
    "243": 8.878838539123535,
    "244": 8.960777282714844,
    "245": 9.295759201049805,
    "246": 9.045392990112305,
    "247": 8.832120895385742,
    "248": 8.961760520935059,
    "249": 8.872407913208008,
    "250": 9.184469223022461,
    "251": 8.897587776184082,
    "252": 9.03705883026123,
    "253": 9.028921127319336,
    "254": 9.004249572753906,
    "255": 8.897392272949219,
    "256": 9.006913185119629,
    "257": 8.96175765991211,
    "258": 8.913653373718262,
    "259": 8.917892456054688,
    "260": 9.009645462036133,
    "261": 8.895544052124023,
    "262": 8.904417037963867,
    "263": 8.88916301727295,
    "264": 9.488556861877441,
    "265": 8.845882415771484,
    "266": 9.321014404296875,
    "267": 8.912979125976562,